{
  "embedding_dim": 384,
  "latent_dim": 64,
  "threshold": 8.816574336378835e-06,
  "threshold_percentile": 99.5,
  "training_queries": 20000,
  "epochs": 75,
  "best_val_loss": 2.0921601974675596e-06,
  "training_date": "2026-01-25T16:18:55.703612",
  "embedding_model": "models/nic-embeddings-v1.0"
}